github username,repourl,Pass/Fail compilation,Pass/Fail running,imagename found,Yes/NO if Material class exists
lerniajava25,https://github.com/lerniajava25/laboration2,PASS,FAIL,N/A,NO
lerniajava25,https://github.com/lerniajava25/andreas-lab2,PASS,FAIL,N/A,NO
lerniajava25,https://github.com/lerniajava25/andreas-lab2,PASS,FAIL,N/A,NO
lerniajava25,https://github.com/lerniajava25/Marie-Labb2-Raytracer,PASS,FAIL,N/A,NO
lerniajava25,https://github.com/lerniajava25/Waqjel-Java26-Lab-02,PASS,PASS,raytrace_output.png,YES
lerniajava25,https://github.com/lerniajava25/Linnea_Labb2,FAIL,FAIL,N/A,NO
lerniajava25,'https://github.com/lerniajava25/uppgift2Java-Ghuds,FAIL,FAIL,N/A,NO
lerniajava25,https://github.com/lerniajava25/uppgift2Java-Ghuds,PASS,PASS,N/A,NO
lerniajava25,https://github.com/lerniajava25/kriisa-studier-lab-2,PASS,PASS,image.png,NO
lerniajava25,https://github.com/lerniajava25/iman-laboration2-raytracer,PASS,FAIL,N/A,NO
lerniajava25,https://github.com/lerniajava25/william-java26-labb2,PASS,PASS,output.png,NO
lerniajava25,https://github.com/lerniajava25/Joseph_labb_2,PASS,PASS,raytracer-output.bmp,NO
lerniajava25,https://github.com/lerniajava25/christoffer_borg_labb_2,PASS,PASS,render.png,NO
lerniajava25,https://github.com/lerniajava25/Leo_Uppgift2-ray-tracer,PASS,PASS,render.ppm,NO
lerniajava25,https://github.com/lerniajava25/Felicia-Lab2-Raytracer,PASS,PASS,renderedImage.bmp,NO
lerniajava25,https://github.com/lerniajava25/m777_Lab2,PASS,PASS,output.ppm,NO
lerniajava25,https://github.com/lerniajava25/Anteman_Java26_Lab-02,PASS,PASS,output.png,YES
lerniajava25,https://github.com/lerniajava25/Paul-Labb2-raytracer,PASS,PASS,output.ppm,NO
lerniajava25,https://github.com/lerniajava25/LABB2,PASS,PASS,image.png,NO
lerniajava25,https://github.com/lerniajava25/labb2-filip,PASS,PASS,raytracer.ppm,NO
lerniajava25,https://github.com/lerniajava25/Lenzon-Java26-Lab-02,PASS,PASS,render.png,YES
